,link,title,surface_totale,surface_habitable,chambre,bain,price,ville,time,secteur,type,age,etage,salon,description,Concierge,Balcon,Terrasse,Securite,Parking,Ascenseur,Climatisation,CuisineEquipee,Garage,Chauffage,Piscine,Jardin,Titre,Loti,Duplex,Meuble
0,https://www.avito.ma/fr/cabo_negro/magasins_et_commerces/%D9%85%D9%82%D9%87%D9%89_%D9%85%D8%B7%D8%B9%D9%85_%D8%B4%D8%B1%D9%81%D8%A9_%D8%A8%D8%A7%D9%86%D9%88%D8%B1%D8%A7%D9%85%D9%8A%D8%A9_%D9%83%D8%A7%D8%A8%D9%88%D9%86%D9%8A%D9%83%D8%B1%D9%88_48338081.htm,مقهى مطعم شرفة بانورامية كابونيكرو,278 m²,,,,3000000,Cabo Negro,16:39,Toute la ville,"Magasins, commerces et locaux industriels, Vente",,,,"Description
اكوراليا تمنح فرصة الاستثمار في مشروعكم، مقهى مطعم شرفة بانورامية مساحتها 278 متر مربع
تخفيض استثنائي إلى غاية 31 دجنبر.
للاستفادة من هذا العرض، سارعوا للاتصال بنا على الرقم",0,0,0,0,0,0,0,0,0,0,0,0,0,0,0,0
1,https://www.avito.ma/fr/autre_secteur/terrains_et_fermes/%D9%82%D8%B7%D8%B9_%D8%A3%D8%B1%D8%B6%D9%8A%D8%A9_%D9%84%D8%A8%D9%86%D8%A7%D8%A1_%D9%81%D9%86%D8%AF%D9%82_%D8%A8%D9%88%D8%AC%D8%AF%D8%A9_48337905.htm,قطع أرضية لبناء فندق بوجدة,1830 m²,,,,9607500,Oujda,16:39,Autre secteur,"Terrains et fermes, Vente",,,,"Description
كوراليا تمنح فرصة الاستثمار في مشروعكم، قطع أرضية لبناء فندق R+6 مساحتها 1830 متر مربع
تخفيض استثنائي إلى غاية 31 دجنبر.
للاستفادة من هذا العرض، سارعوا للاتصال بنا على الرقم",0,0,0,0,0,0,0,0,0,0,0,0,0,0,0,0
2,https://www.avito.ma/fr/cabo_negro/magasins_et_commerces/%D9%82%D8%B7%D8%B9_%D8%A3%D8%B1%D8%B6%D9%8A%D8%A9_%D9%84%D8%A8%D9%86%D8%A7%D8%A1_%D9%81%D9%86%D8%AF%D9%82_%D9%83%D8%A7%D8%A8%D9%88%D9%86%D9%8A%D9%83%D8%B1%D9%88_48337798.htm,قطع أرضية لبناء فندق كابونيكرو,3018 m²,,,,12072000,Cabo Negro,16:39,Toute la ville,"Magasins, commerces et locaux industriels, Vente",,,,"Description
""الضحى تمنح فرصة الاستثمار في مشروعكم، قطع أرضية لبناء فندق R+4 مساحتها 3018 متر مربع
تخفيض استثنائي إلى غاية 31 دجنبر.
للاستفادة من هذا العرض، سارعوا للاتصال بنا على الرقم """,0,0,0,0,0,0,0,0,0,0,0,0,0,0,0,0
3,https://www.avito.ma/fr/hay_riad/appartements/Appartement_sur_Hay_Riad_47724624.htm,Appartement sur Hay Riad,--,165 m²,4,3,2650000,Rabat,00:39,Hay Riad,"Appartements, Vente",,3,1,"Description
Référence : APHR.212

Nous mettons en vente un superbe appartement d'un superficié de 165 m² au 3éme étage, situé au quartier Hay Riad, dans un emplacement très calmen.

il compose de Voir plus",1,1,0,1,1,1,1,1,0,0,0,0,0,0,0,0
4,https://www.avito.ma/fr/autre_secteur/magasins_et_commerces/%D8%AD%D8%B6%D8%A7%D9%86%D8%A9_%D9%85%D8%A8%D9%86%D9%8A%D8%A9_%D8%A8%D8%A7%D9%83%D8%A7%D8%AF%D9%8A%D8%B1_48337536.htm,حضانة مبنية باكادير,465 m²,,,,2929500,Agadir,16:39,Autre secteur,"Magasins, commerces et locaux industriels, Vente",,,,"Description
كوراليا تمنح فرصة الاستثمار في مشروعكم، حضانة مبنية بالطابق الأرضي مساحتها 465 متر مربع
تخفيض استثنائي إلى غاية 31 دجنبر.
للاستفادة من هذا العرض، سارعوا للاتصال بنا على الرقم",0,0,0,0,0,0,0,0,0,0,0,0,0,0,0,0
5,https://www.avito.ma/fr/route_damezmiz/maisons_et_villas/Villas_jumel%C3%A9es_semi_finies_en_r%C3%A9sidence_ferm%C3%A9e_45652977.htm,Villas jumelées semi finies en résidence fermée,260 m²,215 m²,5,3,1480000,Marrakech,16:38,Route d'Amezmiz,"Maisons et villas, Vente",Neuf,,2,"Description
Bonjour,

La société Sirine Holding vous présente le projet Atlas Chrifia sous forme des villas semi finies (jumelés et isolées) en résidence fermée.

Ce projet se situe en plein centre de la zone ChVoir plus",0,1,1,1,0,0,0,0,1,0,1,1,0,0,0,0
6,https://www.avito.ma/fr/agdal/appartements/appartement_a_vendre_centre_ville_atlas_48655898.htm,appartement a vendre centre ville atlas,127 m²,,3,1,450000,Fès,00:38,Agdal,"Appartements, Vente",21+ ans,2,2,"Description
appartement a vendre au centre ville Fès a côté de tribunal atlas",0,0,0,0,0,0,0,0,0,0,0,0,0,0,0,0
7,https://www.avito.ma/fr/bouskoura/appartements/Appartement_90m2_%C3%A0_Victoria_Bouskoura_48029295.htm,Appartement 90m2 à Victoria Bouskoura,90 m²,90 m²,2,2,756000,Bouskoura,16:37,Toute la ville,"Appartements, Vente",Neuf,3,2,"Description
La résidence “Cinq étoiles” représente une opportunité exceptionnelle pour acquérir votre appartement d’une superficie à partir de 84 m2 à un prix très attractif.
Les appartements neufs de cette rVoir plus",1,1,0,0,1,1,1,0,0,0,0,0,0,0,0,0
8,https://www.avito.ma/fr/bouskoura/appartements/Appartement_de_86m2_%C3%A0_Victoria__Bouskoura_48404539.htm,Appartement de 86m2 à Victoria Bouskoura,86 m²,,2,1,722400,Bouskoura,16:37,Toute la ville,"Appartements, Vente",Neuf,2,1,"Description
Appartement de 86 m2 à Victoria Bouskoura,

Finition de qualité

Cuisine équipée ( trio de marque zanussi )

Parabole collective

Parking

Équipements de proxiVoir plus",1,1,0,1,1,1,1,1,0,1,0,0,0,0,0,0
9,https://www.avito.ma/fr/bouskoura/appartements/%D8%B4%D9%82%D8%A9_%D9%81%D8%A7%D8%AE%D8%B1%D8%A9_88%D9%85_%D8%A8%D9%85%D8%B4%D8%B1%D9%88%D8%B9_%D8%AE%D9%85%D8%B3_%D9%86%D8%AC%D9%88%D9%85___%D8%A8%D9%88%D8%B3%D9%83%D9%88%D8%B1%D8%A9_48404549.htm,شقة فاخرة 88م بمشروع خمس نجوم - بوسكورة,88 m²,,2,2,739200,Bouskoura,16:37,Toute la ville,"Appartements, Vente",Neuf,2,1,"Description
يوفر لكم مشروع خمس نجوم شقق 88م فاخرة مصممة بعناية بثمن جد مناسب


تصميم ذو جودة عالية

مطبخ مجهز

موقف سيارات

قرص الاستقبال التلفزيوني مشترك

مرافق : BIM Voir plus",1,1,0,1,1,1,1,1,0,1,0,0,0,0,0,0
10,https://www.avito.ma/fr/bouskoura/appartements/Appartement_de_88_m2_%C3%A0_Bouskoura_Victoria__48404556.htm,Appartement de 88 m2 à Bouskoura Victoria,88 m²,,2,2,739200,Bouskoura,16:36,Toute la ville,"Appartements, Vente",Neuf,2,1,"Description
Appartements de 88 m2 à victoria Bouskoura
Finition de qualité

Cuisine équipée ( trio de marque zanussi )

Parabole collective

Parking

Équipements de proximité :Voir plus",1,1,0,1,1,1,1,1,0,1,0,0,0,0,0,0
11,https://www.avito.ma/fr/bouskoura/appartements/%D8%B4%D9%82%D8%A9_%D9%81%D8%A7%D8%AE%D8%B1%D8%A9_87%D9%85_%D8%A8%D9%85%D8%B4%D8%B1%D9%88%D8%B9_%D8%AE%D9%85%D8%B3_%D9%86%D8%AC%D9%88%D9%85___%D8%A8%D9%88%D8%B3%D9%83%D9%88%D8%B1%D8%A9_48405690.htm,شقة فاخرة 87م بمشروع خمس نجوم - بوسكورة,87 m²,,2,2,730800,Bouskoura,16:36,Toute la ville,"Appartements, Vente",Neuf,3,1,"Description
يوفر لكم مشروع خمس نجوم شقق فاخرة87 مء مصممة بعناية بثمن جد مناسب
تصميم ذو جودة عالية

مطبخ مجهز

موقف سيارات

قرص الاستقبال التلفزيوني مشترك

مرافق : BIM ، مدرسة Voir plus",1,1,0,1,1,1,1,1,0,1,0,0,0,0,0,0
12,https://www.avito.ma/fr/maarif/appartements/Studio_en_Vente_%C3%A0_Maarif_48419815.htm,Studio en Vente à Maarif,46 m²,,1,1,960000,Casablanca,16:36,Maarif,"Appartements, Vente",Neuf,4,1,"Description
Résidence Villa Marie Césaire vous propose un superbe Studio de :

- 1 chambre

- Un salon

- buanderie dressing / Rangement",0,0,0,0,0,1,1,1,0,1,0,0,0,0,0,0
13,https://www.avito.ma/fr/maarif/appartements/Studio_%C3%A0_Maarif__48404224.htm,Studio à Maarif,46 m²,46 m²,1,1,950000,Casablanca,16:36,Maarif,"Appartements, Vente",Neuf,2,1,"Description
Résidence Villa Marie Césaire vous propose un superbe Studio de 46 m2 :

- 1 chambre

- Un salon

- buanderie dressing / Rangement",0,0,0,0,0,1,1,1,0,1,0,0,0,0,0,0
14,https://www.avito.ma/fr/maarif/appartements/Studio_%C3%A0_El_Maarif__48404223.htm,Studio à El Maarif,46 m²,46 m²,1,1,960000,Casablanca,16:36,Maarif,"Appartements, Vente",Neuf,3,1,"Description
Résidence Villa Marie Césaire vous propose un superbe Studio de :

- 1 chambre

- Un salon

- buanderie dressing / Rangement",0,0,0,0,0,1,1,1,0,1,0,0,0,0,0,0
15,https://www.avito.ma/fr/maarif/appartements/Appartement_71m2_%C3%A0_El_Maarif_47205172.htm,Appartement 71m2 à El Maarif,71 m²,,1,1,1290000,Casablanca,16:36,Maarif,"Appartements, Vente",Neuf,,1,"Description
""Résidence Villa Marie Césaire vous propose un Duplex composé de :
- Grand Salon
- 1 chambre
- Un Salon
- Terrasse (14m2)",0,1,1,1,0,1,1,1,0,1,0,0,0,0,0,0
16,https://www.avito.ma/fr/maarif/appartements/Duplex_95m2_%C3%A0_El_Maarif_47205177.htm,Duplex 95m2 à El Maarif,95 m²,,2,2,1690000,Casablanca,16:35,Maarif,"Appartements, Vente",Neuf,,1,"Description
Résidence Villa Marie Césaire vous propose un Duplex composé de :
- Grand Salon
- 2 chambres
- Un Salon
- Terrasse (23 m2)",0,1,1,1,0,1,1,1,0,1,0,0,0,0,1,0
17,https://www.avito.ma/fr/maarif/appartements/Studio_53m2_%C3%A0_El_Maarif_47205169.htm,Studio 53m2 à El Maarif,53 m²,46 m²,1,1,960000,Casablanca,16:35,Maarif,"Appartements, Vente",Neuf,1,1,"Description
Résidence Villa Marie Césaire vous propose un superbe Studio de 53 m2 :
- 1 chambre
- Un salon
- buanderie dressing / Rangement
- Terrasse avec du marbre au sol",0,1,1,1,0,1,1,1,0,1,0,0,0,0,0,0
18,https://www.avito.ma/fr/autre_secteur/magasins_et_commerces/%D9%85%D8%B9%D8%AF%D8%A7%D8%AA_%D8%AE%D8%A7%D8%B5%D8%A9_%D9%85%D8%AA%D8%B9%D8%AF%D8%AF%D8%A9_%D8%A7%D9%84%D8%A7%D8%B3%D8%AA%D8%B9%D9%85%D8%A7%D9%84%D8%A7%D8%AA_%D8%A8%D9%85%D8%B1%D8%A7%D9%83%D8%B4_48338194.htm,معدات خاصة متعددة الاستعمالات بمراكش,4415 m²,,,,17660000,Marrakech,16:39,Autre secteur,"Magasins, commerces et locaux industriels, Vente",,,,"Description
""الضحى تمنح فرصة الاستثمار في مشروعكم، معدات خاصة متعددة الاستعمالات R+2 مساحتها 4415 متر مربع
تخفيض استثنائي إلى غاية 31 دجنبر.
للاستفادة من هذا العرض، سارعوا للاتصال بنا على الرقم """,0,0,0,0,0,0,0,0,0,0,0,0,0,0,0,0
19,https://www.avito.ma/fr/ait_ourir/appartements/Appartement__48600257.htm,Appartement,--,,--,--,150000,Ait Ourir,16:33,Toute la ville,"Appartements, Vente",,,,"Description
Salon, deux chambres, cuisine et sdb.",0,0,0,0,0,0,0,0,0,0,0,0,0,0,0,0
20,https://www.avito.ma/fr/martil/appartements/Bel_appartement_en_vente_%C3%A0_2mn_de_la_plage_Martil__47204689.htm,Bel appartement en vente à 2mn de la plage Martil,82 m²,,2,2,995000,Martil,16:33,Toute la ville,"Appartements, Vente",Neuf,1,1,"Description
À seulement 995.000 dhs, Costa Mar vous offre un appartement haut standing de 82 m² avec un ameublement offert
Qu'attendez-vous? Saisissez CETTE DERNIÈRE OPPORTUNITÉ et profitez pleinement de vos Voir plus",1,1,1,1,1,1,0,1,0,0,0,0,0,0,0,1
